Keyword,TotalWeight,RegionCounts
1. girl with blue hair and eyes,0.2,WholeImage:1
2. blue dress,0.2,WholeImage:1
3. white background,0.2,WholeImage:1
4. blue bow on chest,0.2,WholeImage:1
5. cream-colored collar around neck,0.2,WholeImage:1
6. scallop shell earrings,0.2,WholeImage:1
7. kitten in girl's arms,0.2,WholeImage:1
8. pink ribbon around kitten's body,0.2,WholeImage:1
9. small white bird perched on girl's shoulder,0.2,WholeImage:1
10. blue bowtie with a light blue diamond pattern on it,0.2,WholeImage:1
11. light blue and dark blue earrings shaped like fish,0.2,WholeImage:1
12. dark blue flower hair clip in girl's hair,0.2,WholeImage:1
13. white collar around neck,0.2,WholeImage:1
14. shadow casted by kitten,0.2,WholeImage:1
15. girl's left arm extended with kitten on it,0.2,WholeImage:1
16. kitten wearing pink ribbon and dark blue bowtie,0.2,WholeImage:1
17. bird perched on girl's shoulder,0.2,WholeImage:1
18. dark blue flower hair clip in girl's blonde hair,0.2,WholeImage:1
19. light blue earrings shaped like fish,0.2,WholeImage:1
20. girl's right hand gently holding kitten,0.2,WholeImage:1
21. blue ribbon around kitten's body,0.2,WholeImage:1
22. small white bird perched on girl's shoulder,0.2,WholeImage:1
23. blue bowtie with a light blue diamond pattern on it,0.2,WholeImage:1
24. cream-colored collar around neck,0.2,WholeImage:1
25. light blue and dark blue earrings shaped like fish,0.2,WholeImage:1
the image showcases a close-up of a character's hair in anime style. the character is adorned with a blue ribbon that has purple stripes on it,0.2,TopLeft:1
which is tied into a bow and placed at the top of their head. the ribbon adds a pop of color to the otherwise monochrome image. the character's hair appears to be styled in loose curls,0.2,TopLeft:1
adding a touch of elegance and youthfulness to their appearance. the background of the image is white,0.2,TopLeft:1
which makes the colors of the ribbon and hair stand out even more. despite the close-up view,0.2,TopLeft:1
the character's face is not visible,0.2,TopLeft:1
focusing the viewer's attention solely on the hair accessory and hairstyle. there are no texts or other objects in the image. the overall composition of the image places the character at the center,0.2,TopLeft:1
drawing attention to their unique hair accessory.,0.2,TopLeft:1
the image features a close-up of the face of an anime character. the character's hair is long and wavy,0.2,TopRight:1
painted in shades of blue and white. a distinct feature of the hairstyle includes two buns on either side of the head,0.2,TopRight:1
each adorned with a small blue bow at the back. the character's eye color is pink,0.2,TopRight:1
adding to the overall vibrant appearance. unfortunately,0.2,TopRight:1
any text or additional details about the image are not discernible from the given description.,0.2,TopRight:1
the image presents a close-up view of a girl's face and upper body. her hair is depicted in shades of blue,0.2,BottomLeft:1
cascading down her shoulders. she is wearing a white dress adorned with blue polka dots on the collar and sleeves,0.2,BottomLeft:1
adding a touch of whimsy to her attire. a matching blue bowtie is worn around her neck,0.2,BottomLeft:1
tying together the elements of her outfit.,0.2,BottomLeft:1
perched atop her head is a small white cat,0.2,BottomLeft:1
its gaze directed towards something off-screen. the girl's expression remains hidden from view,0.2,BottomLeft:1
adding an element of mystery to the image. the background is plain and unadorned,0.2,BottomLeft:1
ensuring that the focus remains solely on the girl and her feline companion.,0.2,BottomLeft:1
the image does not contain any discernible text or additional objects. the relative positioning of the objects suggests a harmonious coexistence between the girl and the cat,0.2,BottomLeft:1
each comfortable in their shared space. the colors used are predominantly blue and white,0.2,BottomLeft:1
creating a cool and calming visual effect.,0.2,BottomLeft:1
this image does not provide any information that allows for a confident determination of imaginary content. all descriptions provided are based solely on the visible elements within the image.,0.2,BottomLeft:1
the image features a young girl with striking blue hair and a white dress adorned with blue stripes around the neckline. she is captured in a close-up shot,0.2,BottomRight:1
her face blurred to keep the focus on her upper body. a pearl earring adds a touch of elegance to her appearance. the background is a stark contrast to her vibrant hair and dress,0.2,BottomRight:1
being plain white which further accentuates the girl's features. there are no discernible texts or other objects in the image. the relative position of the objects is such that the girl is centrally located against the white backdrop. the image does not provide any additional details about her actions or interactions with other objects as there are none present.,0.2,BottomRight:1
